Rank,Difficulty,Score,Name,Level
1,Torment,39528639,EmEm,85
2,Torment,39527919,莫德雷德,85
3,Torment,39525519,ARS|Meggumi,85
4,Torment,39513119,hikki,85
5,Torment,39505119,Laventina,85
6,Torment,39504559,ARS|Zeinu,85
7,Torment,39501039,GHC |daniellcl,85
8,Torment,39495359,MARVEL,85
9,Torment,39495279,Sakurako,85
10,Torment,39427759,琉紫,85
11,Torment,39424639,Intrepid,85
12,Torment,39423759,GHC | Bobbeh,85
13,Torment,39386479,不存在的大人,85
14,Torment,39375199,クロノ,85
15,Torment,39353679,Ameth,85
16,Torment,39316479,ARS|Exus,85
17,Torment,39306719,Halcyon,85
18,Torment,39301357,卷忘力來碧藍檔案||5,85
19,Torment,39296399,Andarion,85
20,Torment,39294157,Bean,85
21,Torment,39290559,YuuKaedeFans,85
22,Torment,39285519,ヒリュ,85
23,Torment,39285119,GHC | Albion,85
24,Torment,39284637,GHC |Protocua,85
25,Torment,39273919,aqua,85
26,Torment,39272559,ในลงโฮอนจัง,85
27,Torment,39271198,宵待月乃,85
28,Torment,39268078,Quartz,85
29,Torment,39262878,BlackDesert,85
30,Torment,39261918,Sylphis,85
31,Torment,39260718,Fate,85
32,Torment,39257758,KuroNeko,85
33,Torment,39255838,Wabi-sabi,85
34,Torment,39249278,ARS|Arino,85
35,Torment,39245517,CC|PSRone,85
36,Torment,39244958,Lay,???
37,Torment,39240397,LSP48,85
38,Torment,39239598,幻神夢,85
39,Torment,39237438,WPredator,85
40,Torment,39237358,NeroShiro,85
41,Torment,39228798,RB| Izuna,85
42,Torment,39206158,Miro,85
43,Torment,39204958,RealiableCh,85
44,Insane,27641599,Quinella,85
44,Torment,39203838,Loistava,85
45,Torment,39203758,ミドクニ,85
46,Torment,39198798,TSH |,???
47,Torment,39196958,Life,85
48,Torment,39173599,DY-3|NotSora,85
49,Torment,39157039,GHC |LuckyLuna,85
50,Torment,39145598,Arc,???
51,Torment,39089039,McLaren,85
52,Torment,39087919,Mist,85
53,Torment,39061679,RainHowers,85
54,Torment,39060479,|/`,85
55,Torment,39051279,Ulquiorra,85
56,Torment,39029758,Janny,85
57,Torment,39020559,Shino,85
58,Torment,39009598,FrankMeister,85
59,Torment,38989599,Loszo,85
60,Torment,38977199,Rei ,85
61,Torment,38975759,Evans,85
62,Torment,38969118,Chype,85
63,Torment,38958079,HIBIKI,85
64,Torment,38955118,Wooper,85
65,Torment,38954319,Paidjo,85
66,Torment,38950479,ARSILest,85
67,Torment,38942239,Zenorayya,85
68,Torment,38939119,Link,85
69,Torment,38931039,Lemon,85
70,Torment,38918559,Nanotel,85
71,Torment,38897599,SpyDemon,85
72,Torment,38889839,Toshi,85
73,Torment,38878638,iansky,85
74,Torment,38875759,QtBoy,85
75,Torment,38871999,ChaosPlayerX,85
76,Torment,38862719,โรห,85
77,Torment,38859519,GHC |Irissu,85
78,Torment,38858399,Gokoururi,85
79,Torment,38853999,ARSI Faza,85
80,Torment,38836719,ARSIrey,85
81,Torment,38834479,Halorial,85
82,Torment,38834399,Netor,85
83,Torment,38826078,Arsh,85
84,Torment,38817359,rzkadi,85
85,Torment,38815999,Ahegao,85
86,Torment,38809759,Exee,85
87,Torment,38806799,ChieN,85
88,Torment,38801998,FuThisGame,85
89,Torment,38799199,GHC | Makise,85
90,Torment,38795519,老余,85
91,Torment,38792799,Lt Cerberus,85
92,Torment,38786319,Causew1Fan,85
93,Torment,38785118,7=,85
94,Torment,38784639,ARSIFueeru,85
95,Torment,38779358,Anothic,85
96,Torment,38778719,GHCIrYuma,85
97,Torment,38774879,AsuraNyan354,85
98,Torment,38767197,mint,85
99,Torment,38748879,ccl9,85
100,Torment,38741679,GHC |Kaslana,85
101,Torment,38737119,DeepDark,85
102,Torment,38732317,ARS|7Midway ,85
103,Torment,38729519,Chars,85
104,Torment,38728959,Andomon,85
105,Torment,38727677,クロ,85
106,Torment,38727359,RB| CrowN,85
107,Torment,38726719,月,85
108,Torment,38708239,BIOODRAIN,85
109,Torment,38705916,Orbit,85
110,Torment,38701037,DY-IlT-RA,85
111,Torment,38696559,Kindross,85
112,Torment,38695356,Adjudz,85
113,Torment,38688718,Shikuri,85
114,Torment,38686078,SunpeSunna,85
115,Torment,38677358,LuckyAya,85
116,Torment,38666478,???,85
117,Torment,38664798,Luna,85
118,Torment,38664158,Temere,85
119,Torment,38663198,GHC |Ezreal,85
120,Torment,38660318,Styuwd,85
121,Torment,38658958,exeq,85
122,Torment,38655918,クロ,85
123,Torment,38655517,TSH YuuKaedex,85
124,Torment,38654238,Hyro,85
125,Torment,38653838,Crowe,85
126,Torment,38646398,Recku,85
127,Torment,38644078,只の人,85
128,Torment,38643438,Chiruno,85
129,Torment,38637998,Hajime,85
130,Torment,38635437,incstbst,85
131,Torment,38634558,rika,85
132,Torment,38632718,Stormjx,85
133,Torment,38630078,Mishi,85
134,Torment,38629118,Nerealus,85
135,Torment,38628558,Xestia,85
136,Torment,38626798,NS-Castonzo,85
137,Torment,38624878,CC|Ayane,85
138,Torment,38624238,Zhetsu,85
139,Torment,38622558,เทพเส,85
140,Torment,38621758,Kouun,85
141,Torment,38621198,Valentine,85
142,Torment,38621118,ARS PowPow,85
143,Torment,38612718,Kadon |hJryi,85
144,Torment,38588479,SHENANIGANS,85
145,Torment,38562879,CCITakeng,85
146,Torment,38534719,Ekko,85
147,Torment,38499359,water,85
148,Torment,38498159,Lina,85
149,Torment,38497279,หางนุมฟู,85
150,Torment,38485519,克瓦雷,85
151,Torment,38465999,Alice,85
152,Torment,38453758,hekk,85
153,Torment,38448399,GHC |Qoya,85
154,Torment,38433679,NeverMeltz,85
155,Torment,38431119,ヒガシダ,85
156,Torment,38416959,GHC | Calypso,85
157,Torment,38414239,cCITORAKAMI,85
158,Torment,38411358,Natchas,85
159,Torment,38379277,Solus,85
160,Torment,38370719,Yusko,85
161,Torment,38361039,ARS| Refourdeus,85
162,Torment,38358079,3uphonium,85
163,Torment,38325998,Draa,85
164,Torment,38301039,ARSI,85
165,Torment,38295998,VincentXIII,85
166,Torment,38294155,Shii,85
167,Torment,38293519,Khalis,85
168,Torment,38272319,Fawx,85
169,Torment,38263039,Pepega,85
170,Torment,38253039,Okarin,85
171,Torment,38247278,Fureru,85
172,Torment,38239198,Melon,85
173,Torment,38212238,ตัวร้ายเพโร,85
174,Torment,38200559,CC Sandrock,85
175,Torment,38195999,FujiApples,85
176,Torment,38181199,DY-1 Snow,85
177,Torment,38177359,NS-crenian,85
178,Torment,38176959,木天蓼00,85
179,Torment,38166159,NEKOZangetsu,85
180,Torment,38163439,Mistake,85
181,Torment,38161919,Asahi,85
182,Torment,38158637,ShinRunnerIst,85
183,Torment,38158319,TB-Otto,85
184,Torment,38153199,Walpurgis,85
185,Torment,38146159,ooferdoggo,85
186,Torment,38138239,Kevin,85
187,Torment,38133039,???,85
188,Torment,38131279,Mashu,85
189,Torment,38127997,shin,85
190,Torment,38122319,CC|Godji,85
191,Torment,38120877,Adesaiwa,85
192,Torment,38116078,saakuraYT,85
193,Torment,38113838,Sawasdee,85
194,Torment,38109837,ARS|Epinefrin,85
195,Torment,38104958,璃麗,85
196,Torment,38103358,Erika,85
197,Torment,38096158,Tstz,85
198,Torment,38094318,GHC Inepgear,85
199,Torment,38088078,RunaMia,85
200,Torment,38087678,Fiani-Emm,85
201,Torment,38087678,Myuf,85
202,Torment,38081118,Nanashi,85
203,Torment,38079038,Slnwza,85
204,Torment,38075755,AiruYukiko,85
205,Torment,38069358,ARS Mizary,85
206,Torment,38067358, 35|=|,85
207,Torment,38063918,Cyberdrake,85
208,Torment,38058158,Treble,85
209,Torment,38055358,Neru,85
210,Torment,38055118,yiyi,???
211,Torment,38055038,DY,85
212,Torment,38050718,Lancasterz,85
213,Torment,38050238,SHIROZE,85
214,Torment,38046238,คุณกระตายลีดา,85
215,Torment,38009759,jqjqhqh,85
216,Torment,38009519,Ramda,85
217,Torment,37998799,Claire,85
218,Torment,37992078,Salina,85
219,Torment,37964318,潮流美海,85
220,Torment,37961118,DGHypeRZ,85
221,Torment,37941358,Timemon,85
222,Torment,37907199,GANGAN,85
223,Torment,37898239,Zalter,85
224,Torment,37853037,Bortz,85
225,Torment,37851678,JE,85
226,Torment,37843519,Sinya,85
227,Torment,37843518,tamaki,85
228,Torment,37839518,GHC Imaqieee,85
229,Torment,37823519,TSH | HeizouSama,85
230,Torment,37794399,rp,85
231,Torment,37755439,Vaxtein,85
232,Torment,37681198,Worm,85
233,Torment,37659358,Toshy,85
234,Torment,37631359,REDSANJI,85
235,Torment,37591679,Oneliner,85
236,Torment,37560719,DarkKat,85
237,Torment,37544237,Frosten,85
238,Torment,37536477,Ashdoll,85
239,Torment,37532718,pikon,85
240,Torment,37517118,ChocoMint,85
241,Torment,37492558,richie,85
242,Torment,37484478,SwiftKey,85
243,Torment,37480078,Aerin,85
244,Torment,37415357,BudakGacha,85
245,Torment,37398317,awpik,85
246,Torment,37387918,CHAIN,85
247,Torment,37379439,StarWrath,85
248,Torment,37311517,|Zxadv,85
249,Torment,37308398,Slygand,85
250,Torment,37241198,Leo,85
251,Torment,37194558,Bronya,85
252,Torment,37171438,Game Astroel,85
253,Torment,37020316,MSCG,85
254,Torment,36969197,あすみ,85
255,Torment,36733839,MiNus,85
256,Torment,36560315,ฮานะมิจิ,85
257,Torment,34716794,Libeaus,85
258,Insane,27676287,山泥若,85
259,Insane,27673855,???,85
260,Insane,27673343,하바,85
261,Insane,27673215,mesongroymai,85
262,Insane,27671807,アノニーメ,85
263,Insane,27670911,Mehiru,85
264,Insane,27669503,GRY,85
265,Insane,27669375,ARS|ZetsUwU,85
266,Insane,27667583,zxcvbnm,85
267,Insane,27667391,丁真珍珠,85
268,Insane,27667391,on,85
269,Insane,27666559,Kelfran,85
270,Insane,27666367,蛋炒皈,85
271,Insane,27666367,ARS| Tokiku,85
272,Insane,27665471,ZedoX,85
273,Insane,27665407,NEMURAPGNTRMNT,85
274,Insane,27664831,Rynt,85
275,Insane,27664383,SpandauBullet,85
276,Insane,27664319,こより,85
277,Insane,27664255,ARS| Yuu,85
278,Insane,27663679,ARS|Walter,85
279,Insane,27662783,Abydos,85
280,Insane,27662271,FuRobert,85
281,Insane,27662143,Lilfries,85
282,Insane,27661695,RedrielOvo,85
283,Insane,27661183,momo,85
284,Insane,27660927,346,85
285,Insane,27659967,ARSIsnek,85
286,Insane,27659199,SAMAX,85
287,Insane,27658879,TSH Utaha,85
288,Insane,27658815,yhhn,85
289,Insane,27658687,しいな,85
290,Insane,27657983,메소플도토리,85
291,Insane,27657663,Modalsoul,85
292,Insane,27657407,Agusnata,85
293,Insane,27657087,山泥若藻,85
294,Insane,27656703,Evee,85
295,Insane,27656703,NengGista,85
296,Insane,27656639,Kyatto,85
297,Insane,27656511,Arisu,85
298,Insane,27656319,DY-IlMiku,85
299,Insane,27656319,Kiran,85
300,Insane,27655807,Y-san,85
301,Insane,27655743,Seiei,85
302,Insane,27655551,ARS|Elma,85
303,Insane,27655423,ming,85
304,Insane,27655167,Serion-00,85
305,Insane,27655039,PelNana,85
306,Insane,27654975,ARS|Kanade,85
307,Insane,27654911,Icohiro,85
308,Insane,27654719,星魚來了,85
309,Insane,27654399,DY-6 9/GODHE,85
310,Insane,27654207,PelIkmal,85
311,Insane,27654143,CarenHortensia,85
312,Insane,27654015,SAIramm,85
313,Insane,27653823,NCRCTZ A,85
314,Insane,27653695,{1OOKG,85
315,Insane,27653631,YCGOH,85
316,Insane,27653183,林有徳,85
317,Insane,27653183,???,85
318,Insane,27653183,ARSI Rins,85
319,Insane,27653183,sarimidobel,85
320,Insane,27652991,TOP,85
321,Insane,27652735,Masakudos,85
322,Insane,27652607,AWE 34,85
323,Insane,27652479,Natto,85
324,Insane,27652479,悠星娛樂,85
325,Insane,27652095,kontoru,85
326,Insane,27652095,iFanz,85
327,Insane,27652031,Davstep,85
328,Insane,27651711,Yown,85
329,Insane,27651391,Her,85
330,Insane,27651391,Ainvel,85
331,Insane,27650943,shenbiren271,85
332,Insane,27650815,MilkyBunny,85
333,Insane,27650815,tiggs,85
334,Insane,27650303,UVERworld,85
335,Insane,27650303,Adelheid,85
336,Insane,27650303,KoriKori,85
337,Insane,27650239,???,85
338,Insane,27650111,Exul,85
339,Insane,27649983,Migyzy,85
340,Insane,27649599,Ppppp,85
341,Insane,27649535,ライン,85
342,Insane,27649471,Hobost,85
343,Insane,27649215,琪器諾,85
344,Insane,27649215,クロノ,85
345,Insane,27649151,Domo,85
346,Insane,27649087,早早波,85
347,Insane,27649023,ZenaR,85
348,Insane,27648831,Harukaze,85
349,Insane,27648575,DY-7lzauunu,85
350,Insane,27648255,Dav,85
351,Insane,27648191,間島うみ,85
352,Insane,27648063,Izanagi,85
353,Insane,27647935,Fyn,85
354,Insane,27647935,LaTThEsensei,85
355,Insane,27647743,ARS|Nifty,85
356,Insane,27647679,Beetato,85
357,Insane,27647615,名偵探熊吉,85
358,Insane,27647615,聖青隠,85
359,Insane,27647615,HaseYure,85
360,Insane,27647551,Oil,85
361,Insane,27647423,RIOFI,85
362,Insane,27647423,FooM,85
363,Insane,27647359,유서준,85
364,Insane,27647359,PelKaedeasw,85
365,Insane,27647295,Pacchi,85
366,Insane,27647167,Yappgg,85
367,Insane,27647167,Human,85
368,Insane,27646975,도이네,85
369,Insane,27646847,ikun,85
370,Insane,27646655,INDM-Sheffv2,85
371,Insane,27646527,Skadiz,85
372,Insane,27646399,Tsukiko-chan,85
373,Insane,27646399,Takano,85
374,Insane,27646271,Meiwah,85
375,Insane,27645823,GHC | Chrome,85
376,Insane,27645823,Plat,85
377,Insane,27645759,???,85
378,Insane,27645695,Zeshia,85
379,Insane,27645695,Ki,85
380,Insane,27645631,MK,85
381,Insane,27645567,Nearl,85
382,Insane,27645375,hitori,85
383,Insane,27645375,Powster,85
384,Insane,27645311,Agea,85
385,Insane,27645247,Kenjiro,85
386,Insane,27645247,傑克歐尼薩瑪,85
387,Insane,27645183,Yami,85
388,Insane,27645183,ลกเจี้ยบเกเร,85
389,Insane,27645183,NoHimari19,85
390,Insane,27645055,初嵐,85
391,Insane,27644927,Aezakmi,85
392,Insane,27,DY-8|KuroNeko,???
393,Insane,27644927,PinkArchive,85
394,Insane,27644863,北部玄駒,85
395,Insane,27644863,NS-Infamous,85
396,Insane,27644799,SouLReAI,85
397,Insane,27644607,月時計,85
398,Insane,27644607,Sakana,85
399,Insane,27644543,RayYen,85
400,Insane,27644479,夕張,85
401,Insane,27644415,Hikiii,85
402,Insane,27644351,Kudryavka,85
403,Insane,27644351,NS-NNN,85
404,Insane,27644287,Domskie,85
405,Insane,27644223,Salmon,85
406,Insane,27644223,Mika,85
407,Insane,27644223,Lewis123789,85
408,Insane,27644223,dest,85
409,Insane,27644223,ARS| Sufaill,85
410,Insane,27644031,Chickin,85
411,Insane,27643967,Spade,85
412,Insane,27643903,CCat,85
413,Insane,27643775,DY-1 chugeng,85
414,Insane,27643711,Ebony,85
415,Insane,27643711,CRONOSQ,85
416,Insane,27643711,Oshikami,85
417,Insane,27643583,Nameless,85
418,Insane,27643519,Stop,???
419,Insane,27643455,Sento,85
420,Insane,27643391,Myh,85
421,Insane,27643327,크라토르,85
422,Insane,27643327,Nyx-DelusiontT,85
423,Insane,27643327,Ryuhei,85
424,Insane,27643263,lovetoki,85
425,Insane,27643263,Marude,85
426,Insane,27643199,SugAr+,85
427,Insane,27643007,GRD MAGNO,85
428,Insane,27642751,เคิมมิงซองฮาตึง,85
429,Insane,27642623,ARS|Nemura,85
430,Insane,27642559,ItzJack,85
431,Insane,27642495,Natsuho,85
432,Insane,27642431,nvrlucky,85
433,Insane,27642367,ARS|Layt,85
434,Insane,27642239,Lilith,85
435,Insane,27642239,NS-SPECTRE,85
436,Insane,27642175,GN,85
437,Insane,27642175,Srew,85
438,Insane,27642111,Mihale,85
439,Insane,27641983,Lunacia,85
440,Insane,27641919,cebong,85
441,Insane,27641855,NS-LySan,85
442,Insane,27641791,OSorav,85
443,Insane,27641727,米斯蒂婭蘿蕾拉,85
445,Insane,27641471,Ivantoh,85
446,Insane,27641407,jorlands,85
447,Insane,27641407,MyLifeForAiur,85
448,Insane,27641407,HuwanSetar,85
449,Insane,27641343,GN-MazBet ,85
450,Insane,27641215,LMD,85
451,Insane,27641087,TSH Flareiana,85
452,Insane,27640959,War,85
453,Insane,27640895,PHnaschkatze,85
454,Insane,27640895,MKMSNImomom,85
455,Insane,27640831,ESKolenKojel,85
456,Insane,27640831,Rayden,85
457,Insane,27640767,Slowerzz,85
458,Insane,27640703,Chaalooon,85
459,Insane,27640703,nut26435,85
460,Insane,27640703,ARSINagisa,85
461,Insane,27640703,โรห,85
462,Insane,27640703,rKuroeM,85
463,Insane,27640703,Enra,85
464,Insane,27640575,MocaXita,85
465,Insane,27640319,Eisenheim,85
466,Insane,27640319,suzu,85
467,Insane,27640255,LukaTim,85
468,Insane,27640255,bigbooty,85
469,Insane,27640191,NiteMoon,85
470,Insane,27640191,MOTIV,85
471,Insane,27640127,Raion,85
472,Insane,27640127,木更,85
473,Insane,27639999,CCIKunaa,85
474,Insane,27639871,時雨,85
475,Insane,27639871,Ton,85
476,Insane,27639871,Kazama,85
477,Insane,27639871,ARS| Thio,85
478,Insane,27639551,BreakWave,85
479,Insane,27639423,Carolle,85
480,Insane,27639295,TLeemune,85
481,Insane,27639231,shiro,85
482,Insane,27639231,Nogus,85
483,Insane,27639103,AL-1S,85
484,Insane,27639039,Madao,85
485,Insane,27638911,Hima,85
486,Insane,27638847,Chizu,85
487,Insane,27638847,GHC |Primrose,85
488,Insane,27638655,cT7f-4936-af81,85
489,Insane,27638591,Iori,85
490,Insane,27638527,KS,85
491,Insane,27638527,Ghost,85
492,Insane,27638463,Greato,85
493,Insane,27638207,???,85
494,Insane,27638143,ALYCE,85
495,Insane,27638079,Ardi,85
496,Insane,27638015,ARS| Ace,85
497,Insane,27637887,Nagisha,85
498,Insane,27637887,LoveCraft,85
499,Insane,27637759,ElysiA EIFRZA,85
500,Insane,27637759,HamilinAru,85
501,Insane,27637695,NS-Dian911,85
502,Insane,27637567,Acidkele,85
503,Insane,27637439,GRD GodZee,85
504,Insane,27637439,Eijie,85
505,Insane,27637375,Heparin,85
506,Insane,27637375,Lize,85
507,Insane,27637311,MapraonamhoM,85
508,Insane,27637311,Sundae,85
509,Insane,27637183,Kalto,85
510,Insane,27637055,KetecMikaWangy,85
511,Insane,27637055,DY-4|SuEit,85
512,Insane,27636991,ARS|Ryft,85
513,Insane,27636991,LLRNN,85
514,Insane,27636927,Inerschia,85
515,Insane,27636735,Leviathan,85
516,Insane,27636671,Praise,85
517,Insane,27636543,Tokki,85
518,Insane,27636479,Yura,85
519,Insane,27636415,Shinoa,85
520,Insane,27636415,Lixzy,85
521,Insane,27636351,???,85
522,Insane,27636351,DY-2|YukiTenno,85
523,Insane,27636351,Berry,???
524,Insane,27636351,Shoguz,85
525,Insane,27636287,Chaos,85
526,Insane,27636287,Heltares,85
527,Insane,27636223,FFacipiii,85
528,Insane,27636223,???,85
529,Insane,27636159,Colton,85
530,Insane,27636159,Evelyn,85
531,Insane,27636159,MildSoss,85
532,Insane,27636031,Iris,85
533,Insane,27635967,Ivan,85
534,Insane,27635839,Croissant,85
535,Insane,27635839,Ruby,85
536,Insane,27635775,PelHez,85
537,Insane,27635711,LostStaly93,85
538,Insane,27635711,奈奈月,85
539,Insane,27635583,ไม่กินผัก,85
540,Insane,27635583,Shironeko,85
541,Insane,27635391,Cowwings,85
542,Insane,27635391,Ripaza,85
543,Insane,27635327,TPW,85
544,Insane,27635135,Illidan,85
545,Insane,27635071,AzusaMajiTensi,85
546,Insane,27635071,xttx,85
547,Insane,27635007,YYUI ,85
548,Insane,27635007,아가레스,85
549,Insane,27635007,Roxas,85
550,Insane,27634943,Teio,85
551,Insane,27634879,Lp,85
552,Insane,27634815,Vibbit,85
553,Insane,27634751,Scarlet,85
554,Insane,27634751,Switz,85
555,Insane,27634751,Jeff,85
556,Insane,27634687,Cyairo,85
557,Insane,27634623,AzusaBestWaifu,85
558,Insane,27634559,EG,85
559,Insane,27634495,Xushigami,85
560,Insane,27634431,Hasaki,85
561,Insane,27634431,AyanoChive,85
562,Insane,27634367,Gunz,85
563,Insane,27634367,ブラックハート,85
564,Insane,27634367,NaCl,85
565,Insane,27634303,DY-1Cromwell,85
566,Insane,27634303,Niraname,85
567,Insane,27634303,Mourevi,85
568,Insane,27634303,Melchior,85
569,Insane,27,DY-6Kokushibou,???
570,Insane,27634239,Noah,85
571,Insane,27634175,Riku,85
572,Insane,27634175,唔好問我咩名,85
573,Insane,27634175,ARS| Yorita,85
574,Insane,27634047,タンサン,85
575,Insane,27634047,RB| wijen,85
576,Insane,27633983,Rinka,85
577,Insane,27633983,Yor,85
578,Insane,27633983,yayanasai,85
579,Insane,27633919,Seikyo,85
580,Insane,27633919,rez,85
581,Insane,27633855,livsa,85
582,Insane,27633855,Sion,85
583,Insane,27633855,エロマンガ先生,85
584,Insane,27633855,Agent47,85
585,Insane,27633791,KSan,85
586,Insane,27633791,Rexeez,85
587,Insane,27633791,Nickname,85
588,Insane,27633727,Xega,85
589,Insane,27633727,Steelbus,85
590,Insane,27633663,IGTRCyntia,85
591,Insane,27633599,Aman,85
592,Insane,27633599,TSH,85
593,Insane,27633599,chunchunmaru,85
594,Insane,27633535,mrnayo,85
595,Insane,27633471,聖園三力,85
596,Insane,27633407,Ledah,85
597,Insane,27633407,Reinerhardt,85
598,Insane,27633407,幻影的大貓,85
599,Insane,27633343,FazelNeir,85
600,Insane,27633343,久遠寺幽幽子,85
601,Insane,27633343,Lilac,85
602,Insane,27633343,DY-1IJAY,85
603,Insane,27633343,SugaryFish,85
604,Insane,27633343,雨焉,85
605,Insane,27633023,inf,85
606,Insane,27633023,Sajenjay,85
607,Insane,27633023,Circz,85
608,Insane,27633023,養豚場之公眾便所,85
609,Insane,27632959,Koyoasu,85
610,Insane,27632895,shingo,???
611,Insane,27632831,LikeSkat,85
612,Insane,27632831,虹羽,85
613,Insane,27632767,Mist,85
614,Insane,27632767,Nummong,85
615,Insane,27632767,KuRuMee,85
616,Insane,27632703,鶴姫つるひめ,85
617,Insane,27632703,Berg,85
618,Insane,27632639,RedTaffy,85
619,Insane,27632639,Rorona,85
620,Insane,27632575,Zirenyth,85
621,Insane,27632575,AloneMastor,85
622,Insane,27632511,+,85
623,Insane,27632383,yT,85
624,Insane,27632319,NTL Tailly,85
625,Insane,27632255,FM-Satori,85
626,Insane,27632255,sper,85
627,Insane,27632255,NS-Hyt,85
628,Insane,27632191,Quiver,85
629,Insane,27632191,Mikanse,85
630,Insane,27632127,Iona,85
631,Insane,27632127,卡洛瑞,85
632,Insane,27632063,Lyze,85
633,Insane,27631999,dasprillion,85
634,Insane,27631871,kleizen,85
635,Insane,27631871,Luxion,85
636,Insane,27631871,Punyted,85
637,Insane,27631679,Ivera,85
638,Insane,27631679,月丘晶子,85
639,Insane,27631679,Shinojang,85
640,Insane,27631679,Venosa,85
641,Insane,27631551,หมั่นโถว,85
642,Insane,27631551,DY-6|Zhawin,85
643,Insane,27631551,Xeno,85
644,Insane,27631423,ArKenny,85
645,Insane,27631359,NasuyaSama,85
646,Insane,27631359,非緣想,85
647,Insane,27631295,NSTOKI CHAN,85
648,Insane,27631295,Addy,85
649,Insane,27631231,Kamazune,85
650,Insane,27631167,心奈小朋友,85
651,Insane,27631167,秋月夜,85
652,Insane,27631167,Rhona,85
653,Insane,27631103,Shionne,85
654,Insane,27631039,눈눈,85
655,Insane,27630975,Sugarcube,85
656,Insane,27630975,Tiin,85
657,Insane,27630975,Valkstyrm,85
658,Insane,27630911,Seshiru,85
659,Insane,27630911,Hanifh,85
660,Insane,27630911,Ken,85
661,Insane,27630847,59,85
662,Insane,27630847,Lein,85
663,Insane,27630847,Jayhank,85
664,Insane,27630783,Ally,85
665,Insane,27630719,silenTTarsius,85
666,Insane,27630655,fATaLish,85
667,Insane,27630655,Teemo,85
668,Insane,27630591,Xeinya,???
669,Insane,27630527,SunChayNy,85
670,Insane,27630527,AiKo,85
671,Insane,27630527,Protagonist,85
672,Insane,27630463,Slimy,???
673,Insane,27630399,Azure,85
674,Insane,27630399,Firo,85
675,Insane,27630335,Hawk,85
676,Insane,27630271,Miho,85
677,Insane,27630207,Deathmatch,85
678,Insane,27630143,???,85
679,Insane,27630143,DY-4 IJMK,85
680,Insane,27630079,Xenovia,85
681,Insane,27630079,Accelerat3,85
682,Insane,27630015,Vigne ,85
683,Insane,27630015,Noa,85
684,Insane,27630015,Zilliax,85
685,Insane,27630015,NyanCatto,85
686,Insane,27629951,Gamma,85
687,Insane,27629887,Satyrizard,85
688,Insane,27629823,NS Side,85
689,Insane,27629823,Kanimiso,85
690,Insane,27629823,NoelHarkov,85
691,Insane,27629759,MeltiRoricon,85
692,Insane,27629759,Hector,85
693,Insane,27629759,風卷殘云,85
694,Insane,27629759,GHC | HildaSnow,85
695,Insane,27629759,LordFifa,85
696,Insane,27629695,greenslots,85
697,Insane,27629631,???,85
698,Insane,27629631,KEN,85
699,Insane,27629567,nuchit,85
700,Insane,27629567,暗月,85
701,Insane,27629503,風祭雅,85
702,Insane,27629503,Snow,85
703,Insane,27629439,Pongsumben,85
704,Insane,27629439,???,85
705,Insane,27629439,CT-Kafuu,85
706,Insane,27629311,GamerSudal,85
707,Insane,27629311,Crader,85
708,Insane,27629311,KaWaiiDeSu,85
709,Insane,27629247,ARSIWalang,85
710,Insane,27629183,Origami,85
711,Insane,27629119,Akagi,85
712,Insane,27629119,Paris,85
713,Insane,27629119,poq,85
714,Insane,27629055,Tsuyuurei,85
715,Insane,27628991,kakeru,85
716,Insane,27628927,哭唧唧,85
717,Insane,27628927,Sylphin,85
718,Insane,27628927,kota,85
719,Insane,27628799,VardaX,85
720,Insane,27628799,MegaTronic,85
721,Insane,27628799,RnL-Tokky,85
722,Insane,27628735,Bors,85
723,Insane,27628735,나리,85
724,Insane,27628735,DY-6|Suk,85
725,Insane,27628671,PonG,85
726,Insane,27628607,Veigas,85
727,Insane,27628479,皮格,85
728,Insane,27628479,???,85
729,Insane,27628479,Suisei,85
730,Insane,27628415,Hifumi126,85
731,Insane,27628415,haifh,85
732,Insane,27628415,AvHEro,85
733,Insane,27628351,Remii,85
734,Insane,27628351,Amorn,85
735,Insane,27628351,Pure,85
736,Insane,27628287,KeatKy,85
737,Insane,27628287,Mademoiselle,85
738,Insane,27628287,Kaylack,85
739,Insane,27628287,axial,85
740,Insane,27628287,jinxit,85
741,Insane,27628223,へんたいロリコン,85
742,Insane,27628223,Azoolin,85
743,Insane,27628159,Rizuki,85
744,Insane,27628159,Texas124,85
745,Insane,27627967,tonikin,85
746,Insane,27627903,Euphy,85
747,Insane,27627839,Mellorine,85
748,Insane,27627839,Jeth,85
749,Insane,27627839,Krusty,85
750,Insane,27627839,HansLangsdorff,85
751,Insane,27627839,Kanca,85
752,Insane,27627839,DandyShark,85
753,Insane,27627775,Omnia,85
754,Insane,27627775,FyeNyo,85
755,Insane,27627583,Skyphantoms,85
756,Insane,27627583,PelRussian,85
757,Insane,27627583,roi,85
758,Insane,27627583,0อีเลฟเวิน0,85
759,Insane,27627519,Cortxy,85
760,Insane,27627519,Kuzyph,85
761,Insane,27627519,Mittoju,85
762,Insane,27627455,ExC-PajeRUN,85
763,Insane,27627391,X-Redhorn-X,85
764,Insane,27627391,TopPlus,85
765,Insane,27627327,Mirionet,85
766,Insane,27627327,fr2tgmr,85
767,Insane,27627327,Mine,85
768,Insane,27627327,Patrick,85
769,Insane,27627263,Danielle,85
770,Insane,27627199,JK,85
771,Insane,27627199,Kraylore,85
772,Insane,27627135,SilverBi,85
773,Insane,27627071,Sophia,85
774,Insane,27627007,???,85
775,Insane,27626943,Seijiri,85
776,Insane,27626879,Maximoff,85
777,Insane,27626879,卡夫卡的天空,85
778,Insane,27626815,Phoukon,85
779,Insane,27626815,Rana,85
780,Insane,27626815,Kamui,85
781,Insane,27626751,Maskeer,85
782,Insane,27626751,Zeid,85
783,Insane,27626751,Exsedius,85
784,Insane,27626687,RB| Sinuszas,85
785,Insane,27626687,TSH YuuKaede h,85
786,Insane,27626687,HuSe,85
787,Insane,27626623,Squall,85
788,Insane,27626559,Orsted,85
789,Insane,27626559,NS-PADA,85
790,Insane,27626559,Scorch,85
791,Insane,27626495,Bigfluffy,85
792,Insane,27626495,Lana,85
793,Insane,27626431,Deathl3oss,85
794,Insane,27626431,Bocil,85
795,Insane,27626431,Nadesuki,85
796,Insane,27626367,GabrieeL,85
797,Insane,27626367,Saruno,85
798,Insane,27626303,HP-UZQueen,85
799,Insane,27626303,DY-1|,85
800,Insane,27626303,Kazuma,85
801,Insane,27626303,Raian,85
802,Insane,27626239,Gnihtyreve,85
803,Insane,27626239,RAT,85
804,Insane,27626239,Selha,85
805,Insane,27626175,北極,85
806,Insane,27626175,neoki3,85
807,Insane,27626175,MintMeaw,85
808,Insane,27626111,Rinslet,85
809,Insane,27626111,TNHiQu2 CHinG,85
810,Insane,27626047,aaaa,85
811,Insane,27625983,I1OKgThigh,85
812,Insane,27625983,meow,85
813,Insane,27625919,夜神蒔蔦,85
814,Insane,27625919,英特爾最新圖形卡,85
815,Insane,27625919,Gucci,85
816,Insane,27625855,Drawin,85
817,Insane,27625791,???,85
818,Insane,27625791,KWKWII,85
819,Insane,27625791,Fremont,85
820,Insane,27625791,Mira,85
821,Insane,27625727,Moname,85
822,Insane,27625727,Popo,85
823,Insane,27625727,Koala,85
824,Insane,27625663,คน,85
825,Insane,27625535, พ,85
826,Insane,27625535,Sartsatrin,85
827,Insane,27625471,Kammote,85
828,Insane,27625471,Burovski,85
829,Insane,27625471,Miaoyi,85
830,Insane,27625407,Locke,85
831,Insane,27625407,AL-1S,85
832,Insane,27625407,Gimmi,85
833,Insane,27625407,Godio,85
834,Insane,27625407,Reiryghts,85
835,Insane,27625343,CCIKlaoinm,85
836,Insane,27625279,EluCiDaTol2,85
837,Insane,27625279,Nicholas,85
838,Insane,27625279,Tar,85
839,Insane,27625279,ドキドキ,85
840,Insane,27625279,Kanza,85
841,Insane,27625215,ZolDyck97,85
842,Insane,27625215,Taaon,85
843,Insane,27625215,Artstyle,85
844,Insane,27625151,DY-6|Shinkuu,85
845,Insane,27625087,Whaifer,85
846,Insane,27625087,Esdee,85
847,Insane,27625023,Zerida,85
848,Insane,27625023,gvfsvd,85
849,Insane,27625023,Xeno,85
850,Insane,27624959,Sairi,85
851,Insane,27624959,Stopit,85
852,Insane,27624959,RiDER,85
853,Insane,27624959,matterx,85
854,Insane,27624703,Tophrii,85
855,Insane,27624703,???,85
856,Insane,27624703,尼伯龍根,85
857,Insane,27624703,Gambit,85
858,Insane,27624639,Ark,85
859,Insane,27624639,Kitsune,85
860,Insane,27624639,AiKonata,85
861,Insane,27624639,Shiraori,85
862,Insane,27624639,TSH Kohaku,85
863,Insane,27624575,璃子,85
864,Insane,27624575,rerena,85
865,Insane,27624511,Reinnns,85
866,Insane,27624447,???,85
867,Insane,27624447,Amar,85
868,Insane,27624447,Kon,85
869,Insane,27624447,Fool,85
870,Insane,27624447,Akiran,85
871,Insane,27624383,Yuuto,85
872,Insane,27624383,Mos,85
873,Insane,27624383,Superbia,85
874,Insane,27624319,把我大瑞士卷的奶油全打,85
875,Insane,27624319,Daybreak,85
876,Insane,27624255,Mojo,85
877,Insane,27624255,FURIA,85
878,Insane,27624255,ShimaHara,85
879,Insane,27624255,Yogz,???
880,Insane,27624191,hutao,85
881,Insane,27624191,DedekPlana,85
882,Insane,27624191,Roka,85
883,Insane,27624191,Tohma,85
884,Insane,27624127,FJTZ,85
885,Insane,27624127,Sorarun,85
886,Insane,27624063,PelKallen,85
887,Insane,27624063,GRD nu1L,85
888,Insane,27624063,Bond,85
889,Insane,27623999,SUFFER,85
890,Insane,27623999,Faratis,85
891,Insane,27623999,Uncle POM,85
892,Insane,27623999,KenyotSusuShun,85
893,Insane,27623935,Clint,85
894,Insane,27623935,ScrewDiver,85
895,Insane,27623935,月下清弦,85
896,Insane,27623,Nephele,???
897,Insane,27623935,SalesGundameTh,85
898,Insane,27623935,PaDop-Prop,85
899,Insane,27623935,くみこ,85
900,Insane,27623871,Ronabel,85
901,Insane,27623871,zabel,85
902,Insane,27623871,RRIN,85
903,Insane,27623871,neko,85
904,Insane,27623871,Sczhelade,85
905,Insane,27623871,Yuuki,85
906,Insane,27623871,SugAr,85
907,Insane,27623807,余飛,85
908,Insane,27623807,Quorum,85
909,Insane,27623743,南娜,85
910,Insane,27623743,Filfys,85
911,Insane,27623679,Fancyyy,85
912,Insane,27623615,愛麗絲,85
913,Insane,27623615,0/-2|070,85
914,Insane,27623615,Ozaza,85
915,Insane,27623551,GN-Lunide,85
916,Insane,27623551,AGArc,85
917,Insane,27623551,แมวธา,85
918,Insane,27623487,時雨,85
919,Insane,27623487,Terence,85
920,Insane,27623487,Alear,85
921,Insane,27623423,kitasawa,85
922,Insane,27623423,VibeStrike,85
923,Insane,27623423,Tezcph,85
924,Insane,27623423,Shelter,85
925,Insane,27623423,Coppy,85
926,Insane,27623359,Potatolemo,85
927,Insane,27623359,Ayin,85
928,Insane,27623359,VODKA,85
929,Insane,27623359,Nocto,85
930,Insane,27623295,Melon,85
931,Insane,27623295,origami,85
932,Insane,27623295,Neko,85
933,Insane,27623295,???,85
934,Insane,27623295,Zadong,85
935,Insane,27623231,Ephrit,85
936,Insane,27623231,Yamato,85
937,Insane,27623231,TempestYuFeng,85
938,Insane,27623167,CT-Hachi,85
939,Insane,27623103,Maron,85
940,Insane,27623103,烏冬,85
941,Insane,27623039,Ryogu,85
942,Insane,27623039,GRD Fajar,85
943,Insane,27623039,라엘,85
944,Insane,27622975,NyMiComet,85
945,Insane,27622975,AlterLyrae21,85
946,Insane,27622911,Mimttz,85
947,Insane,27622911,Hexa,85
948,Insane,27622911,Riess,85
949,Insane,27622911,Nyx,85
950,Insane,27622911,SHlazizz,85
951,Insane,27622847,Razar,85
952,Insane,27622847,Aqila,85
953,Insane,27622847,Pond,85
954,Insane,27622847,Shiraori,85
955,Insane,27622783,4,85
956,Insane,27622719,Nonus,85
957,Insane,27622655,sign,85
958,Insane,27622655,ぷりん,85
959,Insane,27622655,Haloist,85
960,Insane,27622655,Dina,85
961,Insane,27622655,PDR KECIL,85
962,Insane,27622591,ไม่อยากกินเค็ม,85
963,Insane,27622527,Netijin,85
964,Insane,27622527,DY-6|BigBear,85
965,Insane,27622527,เอโรย,85
966,Insane,27622399,Jinnai,85
967,Insane,27622399,Cerose,85
968,Insane,27622399,SagaSeiga,85
969,Insane,27622399,androssi,85
970,Insane,27622335,PPY,85
971,Insane,27622335,Fianouzen,85
972,Insane,27622271,Haruna,85
973,Insane,27622271,NS-YuuhiEnd,85
974,Insane,27622207,AzusaMajiTensi,85
975,Insane,27622207,Schytez,85
976,Insane,27622143,Axoxo,85
977,Insane,27622143,Sena,85
978,Insane,27622143,b3c4k,85
979,Insane,27622143,chromtgraph,85
980,Insane,27622015,HUY,85
981,Insane,27621951,BSZZero,85
982,Insane,27621887,アキル,85
983,Insane,27621823,FIE | Haruki,85
984,Insane,27621823,Rabbitkung,85
985,Insane,27621695,PUKONKAWALI,85
986,Insane,27621695,RESIIIST,85
987,Insane,27621695,Ainotea,85
988,Insane,27621695,kitsune,85
989,Insane,27621631,MelonSoda,85
990,Insane,27621631,Chaenz,85
991,Insane,27621631,香脆烤魚鹿,85
992,Insane,27621567,なに,85
993,Insane,27621567,Alfheim,85
994,Insane,27621503,Lanford,85
995,Insane,27621503,Tinky,85
996,Insane,27621503,Domon2LAM,85
997,Insane,27621503,Crusky,85
998,Insane,27621503,21,85
999,Insane,27621439,CT-Shiromomo,85
1000,Insane,27621375,Artmak,85
1001,Insane,27621375,Vangogh,85
1002,Insane,27621311,StellaRice,85
1003,Insane,27621247,???,85
1004,Insane,27621247,GoodWhat,85
1005,Insane,27621183,NkD,85
1006,Insane,27621183,IDillon,85
1007,Insane,27621119,nosofthun,85
1008,Insane,27621119,Tekk,85
1009,Insane,27621055,Eiko,85
1010,Insane,27621055,Eakapata,85
1011,Insane,27621055,GHC |Brown,85
1012,Insane,27621055,Nuko,85
1013,Insane,27621055,DY-1 Peddkung,85
1014,Insane,27621055,Runa,85
1015,Insane,27621055,Lucifer,85
1016,Insane,27621055,Fuwafuwa,85
1017,Insane,27620991,Wijen,85
1018,Insane,27620927,Damian,85
1019,Insane,27620927,Verze,85
1020,Insane,27620927,K,85
1021,Insane,27620927,Cat,85
1022,Insane,27620927,Asuna,85
1023,Insane,27620863,DY-7 |Mixkhrum,85
1024,Insane,27620863,???,85
1025,Insane,27620863,小荷才路尖尖角優香諾皿,85
1026,Insane,27620863,ヒフミ,85
1027,Insane,27620799,Jolanz,85
1028,Insane,27620799,Sora,85
1029,Insane,27620799,Rose,85
1030,Insane,27620799,Slyt4il,85
1031,Insane,27620799,Moshi ` Mos,85
1032,Insane,27620735,DY-7 |Amno,85
1033,Insane,27620735,Notto,85
1034,Insane,27620671,14,85
1035,Insane,27620671,燈災草,85
1036,Insane,27620671,Zechros,85
1037,Insane,27620671,Noctis,85
1038,Insane,27620607,Morax,85
1039,Insane,27620543,Mikaa,85
1040,Insane,27620543,Acetora,85
1041,Insane,27620543,Madoka,85
1042,Insane,27620543,PelIshimura,85
1043,Insane,27620479,Ethan-NY,85
1044,Insane,27620479,Omu,85
1045,Insane,27620415,teekabi,85
1046,Insane,27620415,長雪門風,85
1047,Insane,27620415,Zephrys,85
1048,Insane,27620415,Kensei,85
1049,Insane,27620415,???,85
1050,Insane,27620415,EternalGod,85
1051,Insane,27620351,Matcha,85
1052,Insane,27620351,redmoon,85
1053,Insane,27620351,Rhyxia,85
1054,Insane,27620287,TheEarth,85
1055,Insane,27620223,Getchu,85
1056,Insane,27620223,???,85
1057,Insane,27620223,Sharimanda,85
1058,Insane,27620223,KarnAku,85
1059,Insane,27620159,Willow,85
1060,Insane,27620159,Hikari,85
1061,Insane,27620159,???,85
1062,Insane,27620159,Nerochaos,85
1063,Insane,27620159,ธีระ,85
1064,Insane,27620095,YoruSins,85
1065,Insane,27620031,FrozLoki,85
1066,Insane,27620031,CT-Nemo,85
1067,Insane,27619903,focus,85
1068,Insane,27619839,Black,85
1069,Insane,27619839,nitto,85
1070,Insane,27619839,กอลฟ,85
1071,Insane,27619775,Megumin,85
1072,Insane,27619775,Toys,85
1073,Insane,27619775,Zex,85
1074,Insane,27619775,konlon,85
1075,Insane,27619775,LT ILazesyTK,85
1076,Insane,27619711,zhya,85
1077,Insane,27619711,Sirius,85
1078,Insane,27619711,Chaotix,85
1079,Insane,27619711,Doomsday,85
1080,Insane,27619711,hakuto,85
1081,Insane,27619647,Murira,85
1082,Insane,27619647,Seamindz,85
1083,Insane,27619647,Black,85
1084,Insane,27619647,다니일,85
1085,Insane,27619583,Ryusei,85
1086,Insane,27619583,Rennn,85
1087,Insane,27619583,Iruru,85
1088,Insane,27619519,SeizureZero,85
1089,Insane,27619519,Yui,85
1090,Insane,27619519,RustyCakes,85
1091,Insane,27619519,Nichol,85
1092,Insane,27619519,GRD Agiel,85
1093,Insane,27619455,End,85
1094,Insane,27619455,???,85
1095,Insane,27619455,กากิก,85
1096,Insane,27619391,SChickEN,85
1097,Insane,27619391,Loh,85
1098,Insane,27619391,homey,85
1099,Insane,27619391,Vendetta,85
1100,Insane,27619327,???,85
1101,Insane,27619263,Ujin,85
1102,Insane,27619263,Kid,85
1103,Insane,27619263,Kinjio,85
1104,Insane,27619135,William,85
1105,Insane,27619135,oumami,85
1106,Insane,27619071,???,85
1107,Insane,27619071,GN-Shirooo,85
1108,Insane,27619007,NyOrvee,85
1109,Insane,27619007,koroto,85
1110,Insane,27618943,|Setsu FS,85
1111,Insane,27618943,RX-Reymax,85
1112,Insane,27618943,夜靜雨,85
1113,Insane,27618943,Ark,85
1114,Insane,27618879,AT,85
1115,Insane,27618815,MummyMilkers,85
1116,Insane,27618815,iGeneration,85
1117,Insane,27618751,MrAwesome,85
1118,Insane,27618751,enraiha,85
1119,Insane,27618751,tyutyutyt,85
1120,Insane,27618751,Rd2485,85
1121,Insane,27618751,Chiisana,85
1122,Insane,27618687,DY-1Yuuna,85
1123,Insane,27618687,Elipsis,85
1124,Insane,27618687,Pie,85
1125,Insane,27618687,Ohnoammo,85
1126,Insane,27618687,Lordvalentine,85
1127,Insane,27618623,Astraea,85
1128,Insane,27618623,Ash,85
1129,Insane,27618623,Tanin,85
1130,Insane,27618623,Fraumpt,85
1131,Insane,27618623,Hendrick,85
1132,Insane,27618559,Manifold,85
1133,Insane,27618559,Bechkam,85
1134,Insane,27618559,MAD,85
1135,Insane,27618559,MeguSayang,85
1136,Insane,27618495,CodeINV2,85
1137,Insane,27618431,Macron,85
1138,Insane,27618431,shiki,85
1139,Insane,27618431,Ergoniz,85
1140,Insane,27618367,Akzele,85
1141,Insane,27618303,BudiXz,85
1142,Insane,27618303,Lat,85
1143,Insane,27618239,ต80008,85
1144,Insane,27618239,Exusia,85
1145,Insane,27618239,Cyneic,85
1146,Insane,27618239,Artdhity422,85
1147,Insane,27618175,すいちゃんは今日もかわ,85
1148,Insane,27618175,oray,85
1149,Insane,27618111,Iced,85
1150,Insane,27618111,Nii,85
1151,Insane,27618111,Ryuu,85
1152,Insane,27618111,ShulShagana,85
1153,Insane,27618047,MARTINO,85
1154,Insane,27618047,DY-3 Mikruuu,85
1155,Insane,27617983,Yuki,85
1156,Insane,27617919,SSTfoxide,85
1157,Insane,27617919,Tanshimoto,85
1158,Insane,27617855,Nanika,85
1159,Insane,27617855,Kalpas,85
1160,Insane,27617791,intoxicate,85
1161,Insane,27617791,sonyyyACDID,85
1162,Insane,27617727,STK,85
1163,Insane,27617663,ouni,85
1164,Insane,27617663,Sylv,85
1165,Insane,27617663,Renasim,85
1166,Insane,27617663,DangerDaring,85
1167,Insane,27617663,鈴蘭,85
1168,Insane,27617599,EnclaveRep,???
1169,Insane,27617599,Kearu,85
1170,Insane,27617535,YUKI,85
1171,Insane,27617535,Ionely,85
1172,Insane,27617471,Creamy,85
1173,Insane,27617471,tanrunner,85
1174,Insane,27617471,Dav,85
1175,Insane,27617407,521,85
1176,Insane,27617407,Shine,85
1177,Insane,27617407,ペロロンチノー様,85
1178,Insane,27617343,CT-Rizkijapana,85
1179,Insane,27617343,SimGurujeong,85
1180,Insane,27617343,NSIRyl,85
1181,Insane,27617343,altair,85
1182,Insane,27617279,Iris,85
1183,Insane,27617279,Ota,85
1184,Insane,27617279,Hello,85
1185,Insane,27617279,琉,85
1186,Insane,27617279,Kyber,85
1187,Insane,27617151,LICKNDIP,85
1188,Insane,27617151,LLIDD,85
1189,Insane,27617087,Mayyo,85
1190,Insane,27617087,Rin,85
1191,Insane,27617087,Eara,85
1192,Insane,27617087,Tenchou,85
1193,Insane,27617087,Amarillo,85
1194,Insane,27617023,NS-Strife,85
1195,Insane,27617023,Gvollee SAV,85
1196,Insane,27617023,August,85
1197,Insane,27617023,Shunnnn,85
1198,Insane,27617023,HouseD,85
1199,Insane,27616959,tuaymeng,85
1200,Insane,27616959,Earn,85
1201,Insane,27616959,RunXRun,85
1202,Insane,27616895,Boon,85
1203,Insane,27616895,BlueMOON,85
1204,Insane,27616895,Altadora,85
1205,Insane,27616895,Void,85
1206,Insane,27616895,KaZuShImI,85
1207,Insane,27616831,Ryuubii,85
1208,Insane,27616831,???,85
1209,Insane,27616831,Sub,85
1210,Insane,27616831,Shiroko,85
1211,Insane,27616767,Charl,85
1212,Insane,27616703,ZYTE,85
1213,Insane,27616703,Pofe,85
1214,Insane,27616703,AYGIRI,85
1215,Insane,27616703,MinMin,85
1216,Insane,27616703,Rue,85
1217,Insane,27616639,???,85
1218,Insane,27616639,Alipse,85
1219,Insane,27616639,Robez,85
1220,Insane,27616639,Vesper,85
1221,Insane,27616639,AzusaMajiTensi,85
1222,Insane,27616639,Whoone,85
1223,Insane,27616575,Ai,85
1224,Insane,27616575,Leclerc,85
1225,Insane,27616575,SeekorTiKus,85
1226,Insane,27616447,MiNiimal,85
1227,Insane,27616447,FlamosChan,85
1228,Insane,27616319,Tomo,85
1229,Insane,27616319,AkaCrimson,85
1230,Insane,27616319,Cfoolo,85
1231,Insane,27616319,PetchHI,85
1232,Insane,27616319,NxSol,85
1233,Insane,27616319,Kairu,85
1234,Insane,27616319,WhaleSzHz,85
1235,Insane,27616255,Egnever,85
1236,Insane,27616191,Shishima,85
1237,Insane,27616191,Neko,85
1238,Insane,27616127,BOOM,85
1239,Insane,27616127,Lazu,85
1240,Insane,27616127,Dragon,85
1241,Insane,27616127,Bread,85
1242,Insane,27616127,Spectrals,85
1243,Insane,27616063,PDR FireFly,85
1244,Insane,27616063,Shiro,85
1245,Insane,27615999,Northern,85
1246,Insane,27615999,raphael,85
1247,Insane,27615999,Vy,85
1248,Insane,27615935,Solid3,85
1249,Insane,27615871,Alexander,85
1250,Insane,27615871,Tia,85
1251,Insane,27615871,Accelerator,85
1252,Insane,27615871,NEKOLignette,85
1253,Insane,27615807,사이냥,85
1254,Insane,27615807,Noel,85
1255,Insane,27615807,eSheep,85
1256,Insane,27615743,cam,85
1257,Insane,27615743,02,85
1258,Insane,27615743,デリコン,85
1259,Insane,27615743,Sen,85
1260,Insane,27615679,saa,85
1261,Insane,27615679,Kanutm,85
1262,Insane,27615679,Kaize,85
1263,Insane,27615679,PharmNaz,85
1264,Insane,27615615,Bakter,85
1265,Insane,27615615,Erlangga,85
1266,Insane,27615615,Chip,???
1267,Insane,27615551,Ryn,85
1268,Insane,27615487,???,85
1269,Insane,27615487,Tertium,85
1270,Insane,27615487,deras,85
1271,Insane,27615487,SNAIL,85
1272,Insane,27615423,Limiter,85
1273,Insane,27615423,Ixchel,85
1274,Insane,27615423,Odin,85
1275,Insane,27615423,Kirito,85
1276,Insane,27615359,Pion,85
1277,Insane,27615359,SamSoeFilter,85
1278,Insane,27615359,不能抽卡我要攬石,85
1279,Insane,27615295,Kurogane,85
1280,Insane,27615295,Doonlap,85
1281,Insane,27615295,Spentz,85
1282,Insane,27615295,Rrrr,85
1283,Insane,27615167,Sorn,85
1284,Insane,27615103,Chocomint,85
1285,Insane,27615039,Leo,85
1286,Insane,27615039,星街彗星,85
1287,Insane,27615039,CaPPeR,85
1288,Insane,27615039,UnXimer,85
1289,Insane,27615039,Blueboy,85
1290,Insane,27615039,Kiyohime,85
1291,Insane,27614975,Aerenia,85
1292,Insane,27614975,Kazuma,85
1293,Insane,27614911,Aruto,85
1294,Insane,27614911,Ndi,85
1295,Insane,27614783,Measia,85
1296,Insane,27614783,DY-3|Neko,85
1297,Insane,27614783,DRAKON,85
1298,Insane,27614783,Kurajo,85
1299,Insane,27614783,Renz,85
1300,Insane,27614719,歸心,85
1301,Insane,27614719,ULLR,85
1302,Insane,27614719,virgonite,85
1303,Insane,27614655,Arcy,???
1304,Insane,27614591,Yuriko,85
1305,Insane,27614527,Sora,85
1306,Insane,27614527,Fuji,85
1307,Insane,27614527,Joe,85
1308,Insane,27614527,Umeinokawa,85
1309,Insane,27614527,Lefisia,85
1310,Insane,27614463,Elone,85
1311,Insane,27614463,HIPPOx,85
1312,Insane,27614463,CT-MASAHIRO,85
1313,Insane,27614463,AKACharlie,85
1314,Insane,27614399,KaWail,85
1315,Insane,27614399,Casillas,85
1316,Insane,27614399,Mountain,85
1317,Insane,27614399,Kinoko,85
1318,Insane,27614399,Jed,85
1319,Insane,27614399,Benissimo,85
1320,Insane,27614335,Airix,85
1321,Insane,27614335,nebraska,85
1322,Insane,27614335,nony,85
1323,Insane,27614335,Rosita,85
1324,Insane,27614335,???,85
1325,Insane,27614335,boom,85
1326,Insane,27614335,NS-Grayfia,85
1327,Insane,27614335,neptune,85
1328,Insane,27614335,VhiLink,85
1329,Insane,27614271,DY-IAiMie,85
1330,Insane,27614271,DYO,85
1331,Insane,27614271,五月,85
1332,Insane,27614271,Kirra,85
1333,Insane,27614207,Sundae,85
1334,Insane,27614207,ワタメ,85
1335,Insane,27614207,Yashiro,85
1336,Insane,27614207,Tenka,85
1337,Insane,27614143,Tamamo,85
1338,Insane,27614079,Popo98g,85
1339,Insane,27614079,Phruk,85
1340,Insane,27614079,Steve,85
1341,Insane,27614079,Inkzas,85
1342,Insane,27614015,HiranoU,85
1343,Insane,27614015,RxZero,85
1344,Insane,27613951,警載着理店,85
1345,Insane,27613951,โรห,85
1346,Insane,27613951,Faruzan,85
1347,Insane,27613951,mal,85
1348,Insane,27613951,Enchanted-,85
1349,Insane,27613951,Blangkon,85
1350,Insane,27613951,TACTIYON,85
1351,Insane,27613887,NF-Patrick,85
1352,Insane,27613887,RB| Taizesha,85
1353,Insane,27613887,โรห,85
1354,Insane,27613887,Fokeo,85
1355,Insane,27613887,Kirro,85
1356,Insane,27613823,Haruka,85
1357,Insane,27613759,Kano,85
1358,Insane,27613759,Ledecasi,85
1359,Insane,27613695,OREO,85
1360,Insane,27613695,PHxRoodie,85
1361,Insane,27613695,Akasaka,85
1362,Insane,27613695,Dazai,85
1363,Insane,27613631,Senno,85
1364,Insane,27613631,Sairanich,85
1365,Insane,27613631,Mokou,85
1366,Insane,27613631,HP-Rin,85
1367,Insane,27613631,FinAlize,85
1368,Insane,27613567,VLEKNPA9,85
1369,Insane,27613567,CT-Byzen,85
1370,Insane,27613567,Luna,85
1371,Insane,27613567,Such,85
1372,Insane,27613503,Vaine,85
1373,Insane,27613503,InitialMind,85
1374,Insane,27613439,ryuuji,85
1375,Insane,27613439,Red,85
1376,Insane,27613375,cup,85
1377,Insane,27613375,ngopisit,85
1378,Insane,27613375,Ouge,85
1379,Insane,27613375,Milord,85
1380,Insane,27613375,牡蠣莫牡蠣,85
1381,Insane,27613311,Kanu,85
1382,Insane,27613311,Mattio,85
1383,Insane,27613311,nanobii,85
1384,Insane,27613311,Most,85
1385,Insane,27613311,Satvotore,85
1386,Insane,27613311,Mellow,85
1387,Insane,27613247,Fury,???
1388,Insane,27613247,Emperorboom,85
1389,Insane,27613247,Coconuts,85
1390,Insane,27613119,Shimata,85
1391,Insane,27613119,Valorya,85
1392,Insane,27613119,Miyosuku,85
1393,Insane,27613119,Karizame,85
1394,Insane,27613055,???,85
1395,Insane,27612991,DY-2 Kojiro,85
1396,Insane,27612991,Exluckyy,85
1397,Insane,27612991,Topperoonie,85
1398,Insane,27612991,Makoto,85
1399,Insane,27612927,Himeko,85
1400,Insane,27612927,OwO,85
1401,Insane,27612863,apol,85
1402,Insane,27612863,Huang,85
1403,Insane,27612799,CClChikikung,85
1404,Insane,27612799,Jeonha,85
1405,Insane,27612799,Kei,85
1406,Insane,27612799,西歪歪,85
1407,Insane,27612799,Sonic1g,85
1408,Insane,27612799,Aria,85
1409,Insane,27612735,Artfushaser,85
1410,Insane,27612735,Levia,85
1411,Insane,27612735,キターン,85
1412,Insane,27612671,KleinBeer,85
1413,Insane,27612671,Yoheyo,85
1414,Insane,27612671,カニカニカニカニカニカ,85
1415,Insane,27612671,zLighT3,85
1416,Insane,27612671,YuukaTheBest,85
1417,Insane,27612607,TruShiro,85
1418,Insane,27612607,Mugimiya,85
1419,Insane,27612607,re,81
1420,Insane,27612607,Epyon,85
1421,Insane,27612479,Rei,85
1422,Insane,27612415,Reall,85
1423,Insane,27612415,Depp,85
1424,Insane,27612415,Nemu,85
1425,Insane,27612415,ホシゾラ,85
1426,Insane,27612415,爰麗絲,85
1427,Insane,27612415,Kylee,85
1428,Insane,27612351,Boon2080,85
1429,Insane,27612351,???,85
1430,Insane,27612351,Azhiry,85
1431,Insane,27612287,剎那,85
1432,Insane,27612287,PEKO,85
1433,Insane,27612287,Yuuka,85
1434,Insane,27612287,Reaper,85
1435,Insane,27612223,Wesley,85
1436,Insane,27612223,Misa,85
1437,Insane,27612223,???,85
1438,Insane,27612223,DY-1SAGEss,85
1439,Insane,27612159,???,85
1440,Insane,27612159,Yagoo,85
1441,Insane,27612159,Pailz,85
1442,Insane,27612095,Meanwhile,85
1443,Insane,27612095,Natsuki,85
1444,Insane,27612095,Serpens,85
1445,Insane,27612031,wikazuya,85
1446,Insane,27612031,Vynz,85
1447,Insane,27612031,Hovand,85
1448,Insane,27612031,HECK,85
1449,Insane,27612031,???,85
1450,Insane,27612031,RalZarek,85
1451,Insane,27612031,Note,85
1452,Insane,27612031,RYU,85
1453,Insane,27611967,Howe-chama,85
1454,Insane,27611967,尋桂子,85
1455,Insane,27611903,Tomi,85
1456,Insane,27611903,Frontal,85
1457,Insane,27611903,ICARUS,85
1458,Insane,27611903,Mutsuki,85
1459,Insane,27611839,Kenta,85
1460,Insane,27611839,blinn,85
1461,Insane,27611839,Wareg,85
1462,Insane,27611839,Luminiferous,85
1463,Insane,27611839,YceNova,85
1464,Insane,27611775,Swagson,85
1465,Insane,27611775,Maki,85
1466,Insane,27611711,Darren,85
1467,Insane,27611711,Scarlet,85
1468,Insane,27611711,Reaper,85
1469,Insane,27611711,cme1998,85
1470,Insane,27611647,WineFine,85
1471,Insane,27611647,TaRu,85
1472,Insane,27611647,RyanGosling,85
1473,Insane,27611647,Yuki,85
1474,Insane,27611647,Rizuki,85
1475,Insane,27611583,ilovepvp,85
1476,Insane,27611583,Veyrin,85
1477,Insane,27611583,NBkuB,85
1478,Insane,27611583,梅菲,85
1479,Insane,27611519,levante,85
1480,Insane,27611519,CT-WAHYU,85
1481,Insane,27611519,Mashiron +,85
1482,Insane,27611519,Izu,???
1483,Insane,27611455,A-Kun,85
1484,Insane,27611391,Senea,85
1485,Insane,27611391,Piniko,85
1486,Insane,27611391,Victoria AT,85
1487,Insane,27611391,AyumuDaPyon,85
1488,Insane,27611327,Reggy,85
1489,Insane,27611327,Chour,85
1490,Insane,27611263,SKVenom,85
1491,Insane,27611199,Newie,85
1492,Insane,27611199,Haze,85
1493,Insane,27611135,PhoenixKing,85
1494,Insane,27611135,ExC-Genji,85
1495,Insane,27611135,Qwanto,85
1496,Insane,27611071,IX,85
1497,Insane,27611071,RB| Ayame,85
1498,Insane,27611071,Labeeb,85
1499,Insane,27611071,Taurus,85
1500,Insane,27611071,Ame,85
1501,Insane,27611007,kAne3,85
1502,Insane,27611007,求社団収留,85
1503,Insane,27610943,KenChi,85
1504,Insane,27610943,Watame,85
1505,Insane,27610943,rey,???
1506,Insane,27610879,Delta,85
1507,Insane,27610879,mrmvp,85
1508,Insane,27610879,Akashi,85
1509,Insane,27610815,Kanon,85
1510,Insane,27610815,Shiwa,85
1511,Insane,27610815,sapa,85
1512,Insane,27610815,Lemon,85
1513,Insane,27610815,Kurtvirus,85
1514,Insane,27610751,Icevolcano,85
1515,Insane,27610751,Drite,85
1516,Insane,27610751,nimda,85
1517,Insane,27610751,???,85
1518,Insane,27610687,Rorona,85
1519,Insane,27610687,PremKw,85
1520,Insane,27610687,Jack,85
1521,Insane,27610687,Kiel,85
1522,Insane,27610623,Lueamz,85
1523,Insane,27610559,Kotori,85
1524,Insane,27610559,Ivleta,85
1525,Insane,27610559,Eris,85
1526,Insane,27610559,Rem,85
1527,Insane,27610495,Kaerul,85
1528,Insane,27610431,Origami,85
1529,Insane,27610431,Veliona,85
1530,Insane,27610431,NYX,85
1531,Insane,27610367,Wakenworm,85
1532,Insane,27610367,Peppy,85
1533,Insane,27610367,ZerOwAn,85
1534,Insane,27610367,Stephens,85
1535,Insane,27610303,Shyncase,85
1536,Insane,27610303,cipher,85
1537,Insane,27610303,Noad,85
1538,Insane,27610239,Mikhaile,85
1539,Insane,27610239,Raizel,85
1540,Insane,27610239,Nerumi-,85
1541,Insane,27610239,GODSANTA,85
1542,Insane,27610239,Puchikii,85
1543,Insane,27610175,Annihile,85
1544,Insane,27610175,Ranzy,85
1545,Insane,27610175,Porumbel,85
1546,Insane,27610111,Dawn,85
1547,Insane,27610111,flos,85
1548,Insane,27610111,도레,85
1549,Insane,27610047,Yuuko,85
1550,Insane,27610047,mikajnk,85
1551,Insane,27610047,Fuzzilo,85
1552,Insane,27610047,Zald,85
1553,Insane,27610047,funnyhatman,85
1554,Insane,27609919,Raiz,85
1555,Insane,27609919,TofumM,85
1556,Insane,27609919,Arradien,85
1557,Insane,27609919,SKRB,85
1558,Insane,27609919,Shino,85
1559,Insane,27609919,Silver,85
1560,Insane,27609919,fromatoz,85
1561,Insane,27609919,Oopmos,85
1562,Insane,27609855,BonitaScalet,85
1563,Insane,27609855,DOC,85
1564,Insane,27609855,Roxy,???
1565,Insane,27609855,SleewpyRev,85
1566,Insane,27609855,BS4-Achilleas,85
1567,Insane,27609791,RB|Athena,85
1568,Insane,27609791,Kophaikhoi,85
1569,Insane,27609791,Kei,85
1570,Insane,27609791,MysKP,85
1571,Insane,27609791,Apase,85
1572,Insane,27609727,Ridwan,85
1573,Insane,27609727,Poizun,85
1574,Insane,27609727,???,85
1575,Insane,27609663,SangPenandai,85
1576,Insane,27609663,Chris,85
1577,Insane,27609663,Yumi,85
1578,Insane,27609663,Ame,85
1579,Insane,27609599,RaNata,85
1580,Insane,27609599,GEOX,85
1581,Insane,27609599,MaDEnXeRo,85
1582,Insane,27609599,TBK | Gyuki-Chan,85
1583,Insane,27609535,Tina,85
1584,Insane,27609535,GN-shirobilek,85
1585,Insane,27609535,Nepgear,85
1586,Insane,27609471,Lightning,85
1587,Insane,27609471,NS-Farezh,85
1588,Insane,27609407,???,85
1589,Insane,27609407,Axcelian,85
1590,Insane,27609407,DY-3|Kitsune,85
1591,Insane,27609407,Ouroboros,85
1592,Insane,27609343,LapisLazuli,85
1593,Insane,27609343,sirohm55,85
1594,Insane,27609343,Larz,85
1595,Insane,27609279,โรคจิต,85
1596,Insane,27609279,|catherina ,85
1597,Insane,27609279,TertisInwza007,85
1598,Insane,27609215,5-군,85
1599,Insane,27609215,PelPoorQueen,85
1600,Insane,27609215,SlowlyGently,85
1601,Insane,27609215,Nirvash,85
1602,Insane,27609215,Arthria,85
1603,Insane,27609215,HadoUcha,85
1604,Insane,27609151,FalenHi,85
1605,Insane,27609151,Mii-kun,85
1606,Insane,27609151,Kudo,85
1607,Insane,27609087,Eclipcia,85
1608,Insane,27609087,ghqh,85
1609,Insane,27609087,BRAWLER,85
1610,Insane,27609087,Jiang,85
1611,Insane,27609023,Nako,85
1612,Insane,27609023,Plum,85
1613,Insane,27609023,Jordo,85
1614,Insane,27609023,Mesugaki,85
1615,Insane,27608895,Pupah666,85
1616,Insane,27608895,Makoto,85
1617,Insane,27608831,LemonP,85
1618,Insane,27608831,Karion,85
1619,Insane,27608831,Valdius,85
1620,Insane,27608831,RezzeL,85
1621,Insane,27608831,Seaura,85
1622,Insane,27608831,Rayn,85
1623,Insane,27608831,CT-FAKER,85
1624,Insane,27608767,Zerdaif,85
1625,Insane,27608703,F230,85
1626,Insane,27608703,Achlysz,85
1627,Insane,27608703,アカツキ,85
1628,Insane,27608639,Xynester,85
1629,Insane,27608639,awdse22,85
1630,Insane,27608639,Shuux,85
1631,Insane,27608639,FatScat,85
1632,Insane,27608575,pootpoot,85
1633,Insane,27608575,Rabu,85
1634,Insane,27608511,VectorLover,85
1635,Insane,27608447,UohhArchive,85
1636,Insane,27608383,Ciphera,85
1637,Insane,27608383,GPH |SKIP,85
1638,Insane,27608319,???,85
1639,Insane,27608319,???,85
1640,Insane,27608319,Wistelle,85
1641,Insane,27608255,ท,85
1642,Insane,27608255,TanTracer,85
1643,Insane,27608191,Ygrspll,85
1644,Insane,27608191,Yagoo,85
1645,Insane,27608127,Jamerunner,85
1646,Insane,27608127,stormx,85
1647,Insane,27608127,ฟมิโอะ,85
1648,Insane,27608127,Gary,???
1649,Insane,27608127,FubukiDayo,85
1650,Insane,27608063,MikaSayang,85
1651,Insane,27608063,DY-1 Dayo-CH,85
1652,Insane,27608063,凌諧森子,85
1653,Insane,27607999,Brainvigo,85
1654,Insane,27607935,Horo,85
1655,Insane,27607935,???,85
1656,Insane,27607871,羽落,85
1657,Insane,27607807,Snowfles,85
1658,Insane,27607807,타타리카미,85
1659,Insane,27607743,Kuhaku,85
1660,Insane,27607743,Meloon,85
1661,Insane,27607743,Nayoan,85
1662,Insane,27607743,Art,85
1663,Insane,27607679,Kian,85
1664,Insane,27607679,Rururiri,85
1665,Insane,27607615,Shaputra,85
1666,Insane,27607615,DesertPanda,85
1667,Insane,27607615,TIGADAD,85
1668,Insane,27607551,Phandin,85
1669,Insane,27607487,nova,85
1670,Insane,27607359,PICHER,85
1671,Insane,27607295,arkhaze,85
1672,Insane,27607231,叶羽,85
1673,Insane,27607231,星狐,85
1674,Insane,27607231,yruzr,85
1675,Insane,27607167,Bng,85
1676,Insane,27607167,Avylix,85
1677,Insane,27607167,ユウカすき,85
1678,Insane,27607103,เอจรา,85
1679,Insane,27607103,Laias,85
1680,Insane,27607103,NotMab,85
1681,Insane,27607039,Fallenia,85
1682,Insane,27607039,Sister,85
1683,Insane,27607039,YpBot,85
1684,Insane,27607039,leigeglolofv,85
1685,Insane,27607039,Puyo,85
1686,Insane,27606975,Kuze,85
1687,Insane,27606975,Ace,85
1688,Insane,27606975,kresna92,85
1689,Insane,27606911,Mos,85
1690,Insane,27606847,DY-4/Kanon S,85
1691,Insane,27606847,IronFish,85
1692,Insane,27606783,SSeeGGGssss,85
1693,Insane,27606783,Kai,85
1694,Insane,27606783,DY-5|Nanami245,85
1695,Insane,27606783,INDM-Fiki,85
1696,Insane,27606783,???,85
1697,Insane,27606719,~oShiro,85
1698,Insane,27606719,mean,85
1699,Insane,27606719,Doctrine,85
1700,Insane,27606719,Tomomo,85
